--
-- PostgreSQL database dump
--

-- Dumped from database version 15.0
-- Dumped by pg_dump version 15.0

-- Started on 2022-12-27 15:31:02

SET statement_timeout = 0;
SET lock_timeout = 0;
SET idle_in_transaction_session_timeout = 0;
SET client_encoding = 'UTF8';
SET standard_conforming_strings = on;
SELECT pg_catalog.set_config('search_path', '', false);
SET check_function_bodies = false;
SET xmloption = content;
SET client_min_messages = warning;
SET row_security = off;

--
-- TOC entry 5 (class 2615 OID 2200)
-- Name: public; Type: SCHEMA; Schema: -; Owner: pg_database_owner
--

CREATE SCHEMA public;


ALTER SCHEMA public OWNER TO pg_database_owner;

--
-- TOC entry 3481 (class 0 OID 0)
-- Dependencies: 5
-- Name: SCHEMA public; Type: COMMENT; Schema: -; Owner: pg_database_owner
--

COMMENT ON SCHEMA public IS 'standard public schema';


SET default_tablespace = '';

SET default_table_access_method = heap;

--
-- TOC entry 222 (class 1259 OID 25209)
-- Name: auth_group; Type: TABLE; Schema: public; Owner: postgres
--

CREATE TABLE public.auth_group (
    id integer NOT NULL,
    name character varying(150) NOT NULL
);


ALTER TABLE public.auth_group OWNER TO postgres;

--
-- TOC entry 221 (class 1259 OID 25208)
-- Name: auth_group_id_seq; Type: SEQUENCE; Schema: public; Owner: postgres
--

ALTER TABLE public.auth_group ALTER COLUMN id ADD GENERATED BY DEFAULT AS IDENTITY (
    SEQUENCE NAME public.auth_group_id_seq
    START WITH 1
    INCREMENT BY 1
    NO MINVALUE
    NO MAXVALUE
    CACHE 1
);


--
-- TOC entry 224 (class 1259 OID 25217)
-- Name: auth_group_permissions; Type: TABLE; Schema: public; Owner: postgres
--

CREATE TABLE public.auth_group_permissions (
    id bigint NOT NULL,
    group_id integer NOT NULL,
    permission_id integer NOT NULL
);


ALTER TABLE public.auth_group_permissions OWNER TO postgres;

--
-- TOC entry 223 (class 1259 OID 25216)
-- Name: auth_group_permissions_id_seq; Type: SEQUENCE; Schema: public; Owner: postgres
--

ALTER TABLE public.auth_group_permissions ALTER COLUMN id ADD GENERATED BY DEFAULT AS IDENTITY (
    SEQUENCE NAME public.auth_group_permissions_id_seq
    START WITH 1
    INCREMENT BY 1
    NO MINVALUE
    NO MAXVALUE
    CACHE 1
);


--
-- TOC entry 220 (class 1259 OID 25203)
-- Name: auth_permission; Type: TABLE; Schema: public; Owner: postgres
--

CREATE TABLE public.auth_permission (
    id integer NOT NULL,
    name character varying(255) NOT NULL,
    content_type_id integer NOT NULL,
    codename character varying(100) NOT NULL
);


ALTER TABLE public.auth_permission OWNER TO postgres;

--
-- TOC entry 219 (class 1259 OID 25202)
-- Name: auth_permission_id_seq; Type: SEQUENCE; Schema: public; Owner: postgres
--

ALTER TABLE public.auth_permission ALTER COLUMN id ADD GENERATED BY DEFAULT AS IDENTITY (
    SEQUENCE NAME public.auth_permission_id_seq
    START WITH 1
    INCREMENT BY 1
    NO MINVALUE
    NO MAXVALUE
    CACHE 1
);


--
-- TOC entry 232 (class 1259 OID 25300)
-- Name: django_admin_log; Type: TABLE; Schema: public; Owner: postgres
--

CREATE TABLE public.django_admin_log (
    id integer NOT NULL,
    action_time timestamp with time zone NOT NULL,
    object_id text,
    object_repr character varying(200) NOT NULL,
    action_flag smallint NOT NULL,
    change_message text NOT NULL,
    content_type_id integer,
    user_id bigint NOT NULL,
    CONSTRAINT django_admin_log_action_flag_check CHECK ((action_flag >= 0))
);


ALTER TABLE public.django_admin_log OWNER TO postgres;

--
-- TOC entry 231 (class 1259 OID 25299)
-- Name: django_admin_log_id_seq; Type: SEQUENCE; Schema: public; Owner: postgres
--

ALTER TABLE public.django_admin_log ALTER COLUMN id ADD GENERATED BY DEFAULT AS IDENTITY (
    SEQUENCE NAME public.django_admin_log_id_seq
    START WITH 1
    INCREMENT BY 1
    NO MINVALUE
    NO MAXVALUE
    CACHE 1
);


--
-- TOC entry 218 (class 1259 OID 25195)
-- Name: django_content_type; Type: TABLE; Schema: public; Owner: postgres
--

CREATE TABLE public.django_content_type (
    id integer NOT NULL,
    app_label character varying(100) NOT NULL,
    model character varying(100) NOT NULL
);


ALTER TABLE public.django_content_type OWNER TO postgres;

--
-- TOC entry 217 (class 1259 OID 25194)
-- Name: django_content_type_id_seq; Type: SEQUENCE; Schema: public; Owner: postgres
--

ALTER TABLE public.django_content_type ALTER COLUMN id ADD GENERATED BY DEFAULT AS IDENTITY (
    SEQUENCE NAME public.django_content_type_id_seq
    START WITH 1
    INCREMENT BY 1
    NO MINVALUE
    NO MAXVALUE
    CACHE 1
);


--
-- TOC entry 216 (class 1259 OID 25187)
-- Name: django_migrations; Type: TABLE; Schema: public; Owner: postgres
--

CREATE TABLE public.django_migrations (
    id bigint NOT NULL,
    app character varying(255) NOT NULL,
    name character varying(255) NOT NULL,
    applied timestamp with time zone NOT NULL
);


ALTER TABLE public.django_migrations OWNER TO postgres;

--
-- TOC entry 215 (class 1259 OID 25186)
-- Name: django_migrations_id_seq; Type: SEQUENCE; Schema: public; Owner: postgres
--

ALTER TABLE public.django_migrations ALTER COLUMN id ADD GENERATED BY DEFAULT AS IDENTITY (
    SEQUENCE NAME public.django_migrations_id_seq
    START WITH 1
    INCREMENT BY 1
    NO MINVALUE
    NO MAXVALUE
    CACHE 1
);


--
-- TOC entry 237 (class 1259 OID 25350)
-- Name: django_session; Type: TABLE; Schema: public; Owner: postgres
--

CREATE TABLE public.django_session (
    session_key character varying(40) NOT NULL,
    session_data text NOT NULL,
    expire_date timestamp with time zone NOT NULL
);


ALTER TABLE public.django_session OWNER TO postgres;

--
-- TOC entry 236 (class 1259 OID 25333)
-- Name: invite; Type: TABLE; Schema: public; Owner: postgres
--

CREATE TABLE public.invite (
    id bigint NOT NULL,
    created_at timestamp with time zone NOT NULL,
    updated_at timestamp with time zone,
    status integer,
    plus_ones integer,
    guest_id_id bigint NOT NULL,
    party_id_id bigint NOT NULL
);


ALTER TABLE public.invite OWNER TO postgres;

--
-- TOC entry 235 (class 1259 OID 25332)
-- Name: invite_invite_id_seq; Type: SEQUENCE; Schema: public; Owner: postgres
--

ALTER TABLE public.invite ALTER COLUMN id ADD GENERATED BY DEFAULT AS IDENTITY (
    SEQUENCE NAME public.invite_invite_id_seq
    START WITH 1
    INCREMENT BY 1
    NO MINVALUE
    NO MAXVALUE
    CACHE 1
);


--
-- TOC entry 234 (class 1259 OID 25321)
-- Name: party; Type: TABLE; Schema: public; Owner: postgres
--

CREATE TABLE public.party (
    id bigint NOT NULL,
    created_at timestamp with time zone NOT NULL,
    flat character varying(50) NOT NULL,
    first_entry timestamp with time zone NOT NULL,
    vibe integer,
    host_id bigint NOT NULL
);


ALTER TABLE public.party OWNER TO postgres;

--
-- TOC entry 233 (class 1259 OID 25320)
-- Name: party_party_id_seq; Type: SEQUENCE; Schema: public; Owner: postgres
--

ALTER TABLE public.party ALTER COLUMN id ADD GENERATED BY DEFAULT AS IDENTITY (
    SEQUENCE NAME public.party_party_id_seq
    START WITH 1
    INCREMENT BY 1
    NO MINVALUE
    NO MAXVALUE
    CACHE 1
);


--
-- TOC entry 226 (class 1259 OID 25249)
-- Name: user; Type: TABLE; Schema: public; Owner: postgres
--

CREATE TABLE public."user" (
    id bigint NOT NULL,
    password character varying(128) NOT NULL,
    last_login timestamp with time zone,
    is_superuser boolean NOT NULL,
    email character varying(254) NOT NULL,
    is_staff boolean NOT NULL,
    is_active boolean NOT NULL,
    date_joined timestamp with time zone NOT NULL,
    name character varying(100),
    created_at timestamp with time zone NOT NULL,
    updated_at timestamp with time zone,
    gender integer,
    birthdate timestamp with time zone,
    department integer,
    profile_picture character varying(1000),
    role integer NOT NULL,
    username character varying(50),
    first_name character varying(50),
    last_name character varying(50),
    url character varying(255)
);


ALTER TABLE public."user" OWNER TO postgres;

--
-- TOC entry 228 (class 1259 OID 25259)
-- Name: user_groups; Type: TABLE; Schema: public; Owner: postgres
--

CREATE TABLE public.user_groups (
    id bigint NOT NULL,
    customuser_id bigint NOT NULL,
    group_id integer NOT NULL
);


ALTER TABLE public.user_groups OWNER TO postgres;

--
-- TOC entry 227 (class 1259 OID 25258)
-- Name: user_customuser_groups_id_seq; Type: SEQUENCE; Schema: public; Owner: postgres
--

ALTER TABLE public.user_groups ALTER COLUMN id ADD GENERATED BY DEFAULT AS IDENTITY (
    SEQUENCE NAME public.user_customuser_groups_id_seq
    START WITH 1
    INCREMENT BY 1
    NO MINVALUE
    NO MAXVALUE
    CACHE 1
);


--
-- TOC entry 225 (class 1259 OID 25248)
-- Name: user_customuser_id_seq; Type: SEQUENCE; Schema: public; Owner: postgres
--

ALTER TABLE public."user" ALTER COLUMN id ADD GENERATED BY DEFAULT AS IDENTITY (
    SEQUENCE NAME public.user_customuser_id_seq
    START WITH 1
    INCREMENT BY 1
    NO MINVALUE
    NO MAXVALUE
    CACHE 1
);


--
-- TOC entry 230 (class 1259 OID 25265)
-- Name: user_user_permissions; Type: TABLE; Schema: public; Owner: postgres
--

CREATE TABLE public.user_user_permissions (
    id bigint NOT NULL,
    customuser_id bigint NOT NULL,
    permission_id integer NOT NULL
);


ALTER TABLE public.user_user_permissions OWNER TO postgres;

--
-- TOC entry 229 (class 1259 OID 25264)
-- Name: user_customuser_user_permissions_id_seq; Type: SEQUENCE; Schema: public; Owner: postgres
--

ALTER TABLE public.user_user_permissions ALTER COLUMN id ADD GENERATED BY DEFAULT AS IDENTITY (
    SEQUENCE NAME public.user_customuser_user_permissions_id_seq
    START WITH 1
    INCREMENT BY 1
    NO MINVALUE
    NO MAXVALUE
    CACHE 1
);


--
-- TOC entry 3460 (class 0 OID 25209)
-- Dependencies: 222
-- Data for Name: auth_group; Type: TABLE DATA; Schema: public; Owner: postgres
--

COPY public.auth_group (id, name) FROM stdin;
\.


--
-- TOC entry 3462 (class 0 OID 25217)
-- Dependencies: 224
-- Data for Name: auth_group_permissions; Type: TABLE DATA; Schema: public; Owner: postgres
--

COPY public.auth_group_permissions (id, group_id, permission_id) FROM stdin;
\.


--
-- TOC entry 3458 (class 0 OID 25203)
-- Dependencies: 220
-- Data for Name: auth_permission; Type: TABLE DATA; Schema: public; Owner: postgres
--

COPY public.auth_permission (id, name, content_type_id, codename) FROM stdin;
1	Can add log entry	1	add_logentry
2	Can change log entry	1	change_logentry
3	Can delete log entry	1	delete_logentry
4	Can view log entry	1	view_logentry
5	Can add permission	2	add_permission
6	Can change permission	2	change_permission
7	Can delete permission	2	delete_permission
8	Can view permission	2	view_permission
9	Can add group	3	add_group
10	Can change group	3	change_group
11	Can delete group	3	delete_group
12	Can view group	3	view_group
13	Can add content type	4	add_contenttype
14	Can change content type	4	change_contenttype
15	Can delete content type	4	delete_contenttype
16	Can view content type	4	view_contenttype
17	Can add session	5	add_session
18	Can change session	5	change_session
19	Can delete session	5	delete_session
20	Can view session	5	view_session
21	Can add user	6	add_customuser
22	Can change user	6	change_customuser
23	Can delete user	6	delete_customuser
24	Can view user	6	view_customuser
25	Can add party	7	add_party
26	Can change party	7	change_party
27	Can delete party	7	delete_party
28	Can view party	7	view_party
29	Can add invite	8	add_invite
30	Can change invite	8	change_invite
31	Can delete invite	8	delete_invite
32	Can view invite	8	view_invite
\.


--
-- TOC entry 3470 (class 0 OID 25300)
-- Dependencies: 232
-- Data for Name: django_admin_log; Type: TABLE DATA; Schema: public; Owner: postgres
--

COPY public.django_admin_log (id, action_time, object_id, object_repr, action_flag, change_message, content_type_id, user_id) FROM stdin;
\.


--
-- TOC entry 3456 (class 0 OID 25195)
-- Dependencies: 218
-- Data for Name: django_content_type; Type: TABLE DATA; Schema: public; Owner: postgres
--

COPY public.django_content_type (id, app_label, model) FROM stdin;
1	admin	logentry
2	auth	permission
3	auth	group
4	contenttypes	contenttype
5	sessions	session
6	user	customuser
7	party	party
8	invite	invite
\.


--
-- TOC entry 3454 (class 0 OID 25187)
-- Dependencies: 216
-- Data for Name: django_migrations; Type: TABLE DATA; Schema: public; Owner: postgres
--

COPY public.django_migrations (id, app, name, applied) FROM stdin;
1	contenttypes	0001_initial	2022-11-17 19:52:57.686686+00
2	contenttypes	0002_remove_content_type_name	2022-11-17 19:52:57.693908+00
3	auth	0001_initial	2022-11-17 19:52:57.741695+00
4	auth	0002_alter_permission_name_max_length	2022-11-17 19:52:57.745706+00
5	auth	0003_alter_user_email_max_length	2022-11-17 19:52:57.750692+00
6	auth	0004_alter_user_username_opts	2022-11-17 19:52:57.754964+00
7	auth	0005_alter_user_last_login_null	2022-11-17 19:52:57.759992+00
8	auth	0006_require_contenttypes_0002	2022-11-17 19:52:57.760638+00
9	auth	0007_alter_validators_add_error_messages	2022-11-17 19:52:57.765042+00
10	auth	0008_alter_user_username_max_length	2022-11-17 19:52:57.769041+00
11	auth	0009_alter_user_last_name_max_length	2022-11-17 19:52:57.773073+00
12	auth	0010_alter_group_name_max_length	2022-11-17 19:52:57.77677+00
13	auth	0011_update_proxy_permissions	2022-11-17 19:52:57.780738+00
14	auth	0012_alter_user_first_name_max_length	2022-11-17 19:52:57.78474+00
15	user	0001_initial	2022-11-17 19:52:57.848539+00
16	admin	0001_initial	2022-11-17 19:52:57.876074+00
17	admin	0002_logentry_remove_auto_add	2022-11-17 19:52:57.882073+00
18	admin	0003_logentry_add_action_flag_choices	2022-11-17 19:52:57.887106+00
19	party	0001_initial	2022-11-17 19:52:57.90741+00
20	invite	0001_initial	2022-11-17 19:52:57.93443+00
21	sessions	0001_initial	2022-11-17 19:52:57.950529+00
22	user	0002_alter_customuser_email	2022-11-24 21:25:48.664889+00
23	user	0002_alter_customuser_username	2022-11-24 22:03:27.255612+00
24	user	0003_alter_customuser_birthdate_and_more	2022-12-13 14:36:17.48833+00
25	user	0004_alter_customuser_profile_picture	2022-12-13 15:11:51.987901+00
26	user	0005_alter_customuser_profile_picture	2022-12-13 16:33:59.470544+00
27	user	0006_alter_customuser_profile_picture	2022-12-13 16:55:23.666047+00
28	invite	0002_alter_invite_table	2022-12-18 11:00:53.614114+00
29	party	0002_alter_party_table	2022-12-18 11:00:53.626115+00
30	user	0007_alter_customuser_options_alter_customuser_table	2022-12-18 11:00:53.640114+00
\.


--
-- TOC entry 3475 (class 0 OID 25350)
-- Dependencies: 237
-- Data for Name: django_session; Type: TABLE DATA; Schema: public; Owner: postgres
--

COPY public.django_session (session_key, session_data, expire_date) FROM stdin;
6rxgfltjalaqce6tkkx0yot6k1aumc67	.eJxVjDEOgzAMRe-SuYocwInTsTtniGwcGtoKJAJT1btXSAzt-t97_20S71tJe81rmtRcjTOX3014eOb5APrg-b7YYZm3dRJ7KPak1faL5tftdP8OCtdy1KM4QsIIAZjaEccoGBvfRfSOqREBFW49BsiK2hF1ABBJc0AfPZvPF8iiNvw:1ovmnf:wPrqfYqyZe7L6wXWSb1EIltnPt2D5WoUz7TvXV4QSAI	2022-12-01 21:51:59.342821+00
3owfwazx72k4friesvtnm1g39yb24oe7	.eJxVjDEOgzAMRe-SuYocwInTsTtniGwcGtoKJAJT1btXSAzt-t97_20S71tJe81rmtRcjTOX3014eOb5APrg-b7YYZm3dRJ7KPak1faL5tftdP8OCtdy1KM4QsIIAZjaEccoGBvfRfSOqREBFW49BsiK2hF1ABBJc0AfPZvPF8iiNvw:1oyIl6:un7g-y6XzT_VVXEx4S8epf4cIKk-cadMEVX-yEC4uK0	2022-12-08 20:23:44.250344+00
\.


--
-- TOC entry 3474 (class 0 OID 25333)
-- Dependencies: 236
-- Data for Name: invite; Type: TABLE DATA; Schema: public; Owner: postgres
--

COPY public.invite (id, created_at, updated_at, status, plus_ones, guest_id_id, party_id_id) FROM stdin;
1	2022-11-26 00:00:01+00	2022-11-26 00:00:01+00	0	\N	1	9
6	2022-11-25 00:00:01+00	2022-11-25 00:00:01+00	1	\N	1	8
4	2022-11-25 00:00:01+00	2022-11-25 00:00:01+00	1	\N	2	2
5	2022-11-25 00:00:01+00	2022-11-25 00:00:01+00	1	\N	2	1
3	2022-11-25 00:00:01+00	2022-11-25 00:00:01+00	1	\N	2	4
2	2022-11-25 00:00:01+00	2022-11-25 00:00:01+00	1	\N	2	9
7	2022-09-08 00:00:00+01	2022-09-08 00:00:00+01	1	0	2	7
9	2022-12-01 00:00:00+00	2022-12-01 00:00:00+00	0	0	1	10
10	2022-12-01 00:00:00+00	2022-12-01 00:00:00+00	1	0	1	11
11	2022-12-07 18:02:59.004012+00	2022-12-07 18:02:59.004012+00	0	0	1	34
12	2022-12-07 18:08:55.992835+00	2022-12-07 18:08:55.992835+00	0	0	2	34
14	2022-12-07 18:17:02.129681+00	2022-12-07 18:17:02.129681+00	0	0	4	34
15	2022-12-07 18:17:07.867087+00	2022-12-07 18:17:07.867087+00	0	0	3	34
18	2023-12-04 18:00:36.239+00	2023-12-04 18:00:36.239+00	0	0	7	38
20	2023-12-04 18:00:36.239+00	2023-12-04 18:00:36.239+00	1	0	7	40
17	2023-12-04 18:00:36.239+00	2023-12-04 18:00:36.239+00	1	0	7	37
21	2023-12-04 18:00:36.239+00	2022-12-12 18:03:29.051302+00	1	0	7	41
19	2023-12-04 18:00:36.239+00	2022-12-12 18:06:26.975929+00	0	0	7	39
\.


--
-- TOC entry 3472 (class 0 OID 25321)
-- Dependencies: 234
-- Data for Name: party; Type: TABLE DATA; Schema: public; Owner: postgres
--

COPY public.party (id, created_at, flat, first_entry, vibe, host_id) FROM stdin;
1	2022-11-17 19:54:25.571814+00	1102	2022-02-10 20:20:00+00	2	1
2	2022-11-17 20:05:08.403938+00	1212	2022-12-10 20:20:00+00	2	1
3	2022-11-17 20:06:24.804084+00	1102	2022-12-12 20:20:00+00	2	1
4	2022-11-17 20:07:27.243544+00	1102	2022-12-12 20:20:00+00	3	1
5	2022-11-17 20:19:58.308208+00	1102	2022-12-12 20:20:00+00	1	1
6	2022-11-17 20:21:36.750436+00	1123	2022-12-12 20:20:00+00	2	1
7	2022-11-17 20:22:07.876367+00	11202	2022-12-20 20:02:00+00	1	1
9	2022-11-17 20:24:38.152392+00	12212	2022-12-12 20:20:00+00	1	2
8	2022-11-17 20:24:07.083167+00	1212	2022-12-12 20:20:00+00	2	2
10	2022-12-01 00:00:00+00	176B	2022-12-13 00:00:00+00	2	3
11	2022-12-11 00:00:00+00	1412A	2022-12-11 00:00:00+00	2	4
12	2022-12-06 15:05:53.185925+00	123ABC	2022-12-05 18:00:36.239+00	2	1
13	2022-12-06 17:33:46.721471+00	HELLO	2022-12-06 17:30:24.851+00	1	11
14	2022-12-06 17:35:42.937927+00	HELLO	2022-12-06 17:30:24.851+00	1	11
15	2022-12-06 17:36:05.677909+00	HELLO	2022-12-06 17:30:24.851+00	1	11
16	2022-12-06 17:37:03.519244+00	HELLO	2022-12-06 17:30:24.851+00	1	11
17	2022-12-06 17:37:04.644812+00	HELLO	2022-12-06 17:30:24.851+00	1	11
18	2022-12-06 17:37:04.97856+00	HELLO	2022-12-06 17:30:24.851+00	1	11
19	2022-12-06 17:37:05.240651+00	HELLO	2022-12-06 17:30:24.851+00	1	11
20	2022-12-06 17:37:05.373074+00	HELLO	2022-12-06 17:30:24.851+00	1	11
21	2022-12-06 17:37:05.375075+00	HELLO	2022-12-06 17:30:24.851+00	1	11
22	2022-12-06 17:37:05.548837+00	HELLO	2022-12-06 17:30:24.851+00	1	11
23	2022-12-06 17:37:05.634049+00	HELLO	2022-12-06 17:30:24.851+00	1	11
24	2022-12-06 17:37:05.73911+00	HELLO	2022-12-06 17:30:24.851+00	1	11
25	2022-12-06 17:37:09.485029+00	HELLO	2022-12-06 17:30:24.851+00	1	11
26	2022-12-06 17:37:19.321935+00	GOODBYE	2022-12-06 17:30:24.851+00	1	11
27	2022-12-06 17:38:39.975869+00	GOODBYE	2022-12-06 17:30:24.851+00	1	11
28	2022-12-06 17:44:44.621751+00	HOST	2022-12-12 18:00:36.239+00	1	11
29	2022-12-06 17:44:53.818741+00	HOST	2022-12-03 18:00:36.239+00	1	11
30	2022-12-07 14:32:04.100159+00	WEDNESDAY	2022-12-03 18:00:36.239+00	2	11
31	2022-12-07 15:06:28.132948+00	HANDLEMODAL	2022-12-03 18:00:36.239+00	1	11
32	2022-12-07 15:09:17.952613+00	MODAL	2022-12-03 18:00:36.239+00	1	11
33	2022-12-07 15:12:35.865281+00	VIS	2022-12-03 18:00:36.239+00	1	11
34	2022-12-07 17:14:31.079657+00	YO-YO	2022-12-07 16:41:27.768+00	1	11
35	2022-12-12 15:42:53.785935+00	TODAY	2022-12-12 15:42:44.682+00	1	1
36	2022-12-12 16:12:47.766207+00	PASTPARTY1	2022-12-05 18:00:36.239+00	2	7
37	2022-12-12 16:13:25.49509+00	PASTPARTY1	2022-12-05 18:00:36.239+00	2	12
38	2022-12-12 16:13:31.02025+00	PASTPARTY2	2022-12-05 18:00:36.239+00	2	13
41	2022-12-12 16:14:07.817015+00	FUTUREPARTY3	2022-12-25 18:00:36.239+00	2	16
39	2022-12-12 16:13:48.647191+00	FUTUREPARTY1	2023-01-02 18:00:36.239+00	2	14
40	2022-12-12 16:13:54.006966+00	FUTUREPARTY2	2023-01-23 18:00:36.239+00	2	15
\.


--
-- TOC entry 3464 (class 0 OID 25249)
-- Dependencies: 226
-- Data for Name: user; Type: TABLE DATA; Schema: public; Owner: postgres
--

COPY public."user" (id, password, last_login, is_superuser, email, is_staff, is_active, date_joined, name, created_at, updated_at, gender, birthdate, department, profile_picture, role, username, first_name, last_name, url) FROM stdin;
3	chloe	2022-12-01 00:00:00+00	f	chloe@kcl.ac.uk	f	t	2022-12-01 00:00:00+00	Chloe	2022-12-01 00:00:00+00	2022-12-01 00:00:00+00	2	2002-09-10 01:00:00+01	5	file:///var/mobile/Containers/Data/Application/551E97A3-FF4A-44F3-ACD7-43F7FC351999/Library/Caches/ExponentExperienceData/%2540anonymous%252Frealm_rn-cbe4ee6e-3b23-4163-b7d6-88462db9b63f/ImagePicker/2B07894B-2C07-4775-8E4D-C43F9E22D8DE.jpg	0	\N	\N	\N	\N
4	john	2022-12-01 00:00:00+00	f	john@kcl.ac.uk	f	t	2022-12-01 00:00:00+00	John	2022-12-01 00:00:00+00	2022-12-01 00:00:00+00	1	2000-12-10 00:00:00+00	3	file:///var/mobile/Containers/Data/Application/551E97A3-FF4A-44F3-ACD7-43F7FC351999/Library/Caches/ExponentExperienceData/%2540anonymous%252Frealm_rn-cbe4ee6e-3b23-4163-b7d6-88462db9b63f/ImagePicker/2B07894B-2C07-4775-8E4D-C43F9E22D8DE.jpg	0	\N	\N	\N	\N
8	pbkdf2_sha256$390000$DiTE1f3wMZGTfFda5t4nIX$tWgtFSpLyY7c3uV59F/BDRuY6BS4ALdefFObb45fu+0=	\N	f	testing@kcl.ac.uk	f	t	2022-12-05 16:26:29.395312+00	Testing	2022-12-05 16:26:29.434774+00	2022-12-05 16:26:29.434774+00	2	2002-09-10 01:00:00+01	1	file:///var/mobile/Containers/Data/Application/551E97A3-FF4A-44F3-ACD7-43F7FC351999/Library/Caches/ExponentExperienceData/%2540anonymous%252Frealm_rn-cbe4ee6e-3b23-4163-b7d6-88462db9b63f/ImagePicker/2B07894B-2C07-4775-8E4D-C43F9E22D8DE.jpg	0	\N			\N
10	pbkdf2_sha256$390000$RYYRNiVO3Y9hpGEeU4PFnh$AGiXkmuCkjXgQzL2GvZbuTgOcm2nujkNIL+j431zNuw=	\N	f	Hi@kcl.ac.uk	f	t	2022-12-05 18:09:48.937031+00	HI	2022-12-05 18:09:49.104197+00	2022-12-05 18:09:49.104197+00	1	2022-12-05 18:00:36.239+00	1	file:///var/mobile/Containers/Data/Application/551E97A3-FF4A-44F3-ACD7-43F7FC351999/Library/Caches/ExponentExperienceData/%2540anonymous%252Frealm_rn-cbe4ee6e-3b23-4163-b7d6-88462db9b63f/ImagePicker/2B07894B-2C07-4775-8E4D-C43F9E22D8DE.jpg	0	\N			\N
12	pbkdf2_sha256$390000$526MLXxX8zzDEVJ9nF30ZU$jF9W1BLUExBwf6KdgaF5JJU6hxxZZd+WoQabX7FOs+I=	\N	f	host1@kcl.ac.uk	f	t	2022-12-12 16:07:56.180395+00	Host 1	2022-12-12 16:07:56.218312+00	2022-12-12 16:13:25.500128+00	2	2002-09-10 01:00:00+01	1	file:///var/mobile/Containers/Data/Application/551E97A3-FF4A-44F3-ACD7-43F7FC351999/Library/Caches/ExponentExperienceData/%2540anonymous%252Frealm_rn-cbe4ee6e-3b23-4163-b7d6-88462db9b63f/ImagePicker/2B07894B-2C07-4775-8E4D-C43F9E22D8DE.jpg	1	\N			\N
13	pbkdf2_sha256$390000$5XVK2LcgZL5FFH5jmp6dVJ$CgDZDakxs4aGFiRJufpaNyu4T0285qTNpFcKZ03AcUY=	\N	f	host2@kcl.ac.uk	f	t	2022-12-12 16:08:11.136616+00	Host 2	2022-12-12 16:08:11.175515+00	2022-12-12 16:13:31.02325+00	2	2002-09-10 01:00:00+01	1	file:///var/mobile/Containers/Data/Application/551E97A3-FF4A-44F3-ACD7-43F7FC351999/Library/Caches/ExponentExperienceData/%2540anonymous%252Frealm_rn-cbe4ee6e-3b23-4163-b7d6-88462db9b63f/ImagePicker/2B07894B-2C07-4775-8E4D-C43F9E22D8DE.jpg	1	\N			\N
14	pbkdf2_sha256$390000$IkIIpx3RfrSKiPAsbfNJsu$Km0qIAkQZQvMmM/jc+jHjAkCD4N9+rlhBgiRitx2joU=	\N	f	host3@kcl.ac.uk	f	t	2022-12-12 16:08:22.398354+00	Host 3	2022-12-12 16:08:22.437757+00	2022-12-12 16:13:48.652189+00	2	2002-09-10 01:00:00+01	1	file:///var/mobile/Containers/Data/Application/551E97A3-FF4A-44F3-ACD7-43F7FC351999/Library/Caches/ExponentExperienceData/%2540anonymous%252Frealm_rn-cbe4ee6e-3b23-4163-b7d6-88462db9b63f/ImagePicker/2B07894B-2C07-4775-8E4D-C43F9E22D8DE.jpg	1	\N			\N
15	pbkdf2_sha256$390000$JhR2XZ4JWuAlCA28SijLI7$z8IkWnlNMNghQMSTx3gojU6mrllHRVmDIjBhw0Y/KZY=	\N	f	host4@kcl.ac.uk	f	t	2022-12-12 16:08:29.897932+00	Host 4	2022-12-12 16:08:29.938946+00	2022-12-12 16:13:54.012966+00	2	2002-09-10 01:00:00+01	1	file:///var/mobile/Containers/Data/Application/551E97A3-FF4A-44F3-ACD7-43F7FC351999/Library/Caches/ExponentExperienceData/%2540anonymous%252Frealm_rn-cbe4ee6e-3b23-4163-b7d6-88462db9b63f/ImagePicker/2B07894B-2C07-4775-8E4D-C43F9E22D8DE.jpg	1	\N			\N
16	pbkdf2_sha256$390000$9i4aA4AT0S371v5L8tecMw$pXrEmS7M50ddRAypVbI0Sk5fx6Ubu60cnvVckigU1kY=	\N	f	host5@kcl.ac.uk	f	t	2022-12-12 16:08:38.256014+00	Host 5	2022-12-12 16:08:38.292716+00	2022-12-12 16:14:07.820015+00	2	2002-09-10 01:00:00+01	1	file:///var/mobile/Containers/Data/Application/551E97A3-FF4A-44F3-ACD7-43F7FC351999/Library/Caches/ExponentExperienceData/%2540anonymous%252Frealm_rn-cbe4ee6e-3b23-4163-b7d6-88462db9b63f/ImagePicker/2B07894B-2C07-4775-8E4D-C43F9E22D8DE.jpg	1	\N			\N
7	pbkdf2_sha256$390000$Vr3foj5CMJa1r8j5wgb4bO$N6/V9c0of7j4y2e0MpqDdFS4O3kqgy7X+sAaTivHupw=	\N	f	bob@kcl.ac.uk	f	t	2022-11-24 22:03:36.905843+00	Bob	2022-11-24 22:03:36.947833+00	2022-12-12 16:12:47.773195+00	\N	\N	\N	file:///var/mobile/Containers/Data/Application/551E97A3-FF4A-44F3-ACD7-43F7FC351999/Library/Caches/ExponentExperienceData/%2540anonymous%252Frealm_rn-cbe4ee6e-3b23-4163-b7d6-88462db9b63f/ImagePicker/42327F2F-3089-4B70-B60B-8584845AD9EA.jpg	1	\N			\N
17	pbkdf2_sha256$390000$9DZXJVwpyzT7ugSIPePhkB$o3oBHMoDnjkouiRqBVjDNhHWG085SfuZqbY28evLnno=	\N	f	image@kcl.ac.uk	f	t	2022-12-13 12:26:27.722904+00	Image	2022-12-13 12:26:27.754165+00	2022-12-13 12:26:27.754165+00	1	2022-12-13 12:25:49.175+00	1	file:///var/mobile/Containers/Data/Application/551E97A3-FF4A-44F3-ACD7-43F7FC351999/Library/Caches/ExponentExperienceData/%2540anonymous%252Frealm_rn-cbe4ee6e-3b23-4163-b7d6-88462db9b63f/ImagePicker/2B07894B-2C07-4775-8E4D-C43F9E22D8DE.jpg	0	\N			\N
11	pbkdf2_sha256$390000$vyQ5M387JEQqIYBAMwmGrz$Cp0wgT2/Z+0Tf5HGT7GJzNaRDG/3V8gBek1r8muFv1A=	\N	f	tuesday@kcl.ac.uk	f	t	2022-12-06 13:19:05.204259+00	Tuesday	2022-12-06 13:19:05.236557+00	2022-12-07 17:14:31.081656+00	1	2022-12-06 13:18:44.337+00	1	file:///var/mobile/Containers/Data/Application/551E97A3-FF4A-44F3-ACD7-43F7FC351999/Library/Caches/ExponentExperienceData/%2540anonymous%252Frealm_rn-cbe4ee6e-3b23-4163-b7d6-88462db9b63f/ImagePicker/2B07894B-2C07-4775-8E4D-C43F9E22D8DE.jpg	1	\N			\N
2	angeline@kcl.ac.uk	\N	f	angeline.wang@kcl.ac.uk	f	t	2022-11-17 21:37:13.36357+00	Angeline	2022-11-17 21:37:13.36357+00	2022-11-17 21:37:13.36357+00	2	2002-09-10 01:00:00+01	1	file:///var/mobile/Containers/Data/Application/551E97A3-FF4A-44F3-ACD7-43F7FC351999/Library/Caches/ExponentExperienceData/%2540anonymous%252Frealm_rn-cbe4ee6e-3b23-4163-b7d6-88462db9b63f/ImagePicker/2B07894B-2C07-4775-8E4D-C43F9E22D8DE.jpg	0	\N	\N	\N	\N
1	pbkdf2_sha256$390000$44DiOPLyymeKEH5Bx2ep15$WaeFvGzxFlCNxMLsxsCQj1q4lyNp+Umxzid0eXtUhO8=	2022-11-24 20:23:44.248343+00	t	admin@kcl.ac.uk	t	t	2022-11-17 19:53:47.27091+00	Admin	2022-11-17 19:53:47.53091+00	2022-12-12 15:42:53.794072+00	0	2002-09-10 01:00:00+01	4	file:///var/mobile/Containers/Data/Application/551E97A3-FF4A-44F3-ACD7-43F7FC351999/Library/Caches/ExponentExperienceData/%2540anonymous%252Frealm_rn-cbe4ee6e-3b23-4163-b7d6-88462db9b63f/ImagePicker/2B07894B-2C07-4775-8E4D-C43F9E22D8DE.jpg	1	\N	\N	\N	\N
18	pbkdf2_sha256$390000$KX8GKisvCYBvETLD6fijU5$FV8ygODlZaFvhkrGarnYwhk3BoFWqOEt6lENmnaNvHw=	\N	f	abc@kcl.ac.uk	f	t	2022-12-13 16:55:59.626585+00	ABC	2022-12-13 16:55:59.661585+00	2022-12-13 16:55:59.661585+00	2	\N	2	file:///var/mobile/Containers/Data/Application/551E97A3-FF4A-44F3-ACD7-43F7FC351999/Library/Caches/ExponentExperienceData/%2540anonymous%252Frealm_rn-cbe4ee6e-3b23-4163-b7d6-88462db9b63f/ImagePicker/2B07894B-2C07-4775-8E4D-C43F9E22D8DE.jpg	0	\N			\N
\.


--
-- TOC entry 3466 (class 0 OID 25259)
-- Dependencies: 228
-- Data for Name: user_groups; Type: TABLE DATA; Schema: public; Owner: postgres
--

COPY public.user_groups (id, customuser_id, group_id) FROM stdin;
\.


--
-- TOC entry 3468 (class 0 OID 25265)
-- Dependencies: 230
-- Data for Name: user_user_permissions; Type: TABLE DATA; Schema: public; Owner: postgres
--

COPY public.user_user_permissions (id, customuser_id, permission_id) FROM stdin;
\.


--
-- TOC entry 3482 (class 0 OID 0)
-- Dependencies: 221
-- Name: auth_group_id_seq; Type: SEQUENCE SET; Schema: public; Owner: postgres
--

SELECT pg_catalog.setval('public.auth_group_id_seq', 1, false);


--
-- TOC entry 3483 (class 0 OID 0)
-- Dependencies: 223
-- Name: auth_group_permissions_id_seq; Type: SEQUENCE SET; Schema: public; Owner: postgres
--

SELECT pg_catalog.setval('public.auth_group_permissions_id_seq', 1, false);


--
-- TOC entry 3484 (class 0 OID 0)
-- Dependencies: 219
-- Name: auth_permission_id_seq; Type: SEQUENCE SET; Schema: public; Owner: postgres
--

SELECT pg_catalog.setval('public.auth_permission_id_seq', 32, true);


--
-- TOC entry 3485 (class 0 OID 0)
-- Dependencies: 231
-- Name: django_admin_log_id_seq; Type: SEQUENCE SET; Schema: public; Owner: postgres
--

SELECT pg_catalog.setval('public.django_admin_log_id_seq', 1, false);


--
-- TOC entry 3486 (class 0 OID 0)
-- Dependencies: 217
-- Name: django_content_type_id_seq; Type: SEQUENCE SET; Schema: public; Owner: postgres
--

SELECT pg_catalog.setval('public.django_content_type_id_seq', 8, true);


--
-- TOC entry 3487 (class 0 OID 0)
-- Dependencies: 215
-- Name: django_migrations_id_seq; Type: SEQUENCE SET; Schema: public; Owner: postgres
--

SELECT pg_catalog.setval('public.django_migrations_id_seq', 30, true);


--
-- TOC entry 3488 (class 0 OID 0)
-- Dependencies: 235
-- Name: invite_invite_id_seq; Type: SEQUENCE SET; Schema: public; Owner: postgres
--

SELECT pg_catalog.setval('public.invite_invite_id_seq', 15, true);


--
-- TOC entry 3489 (class 0 OID 0)
-- Dependencies: 233
-- Name: party_party_id_seq; Type: SEQUENCE SET; Schema: public; Owner: postgres
--

SELECT pg_catalog.setval('public.party_party_id_seq', 41, true);


--
-- TOC entry 3490 (class 0 OID 0)
-- Dependencies: 227
-- Name: user_customuser_groups_id_seq; Type: SEQUENCE SET; Schema: public; Owner: postgres
--

SELECT pg_catalog.setval('public.user_customuser_groups_id_seq', 1, false);


--
-- TOC entry 3491 (class 0 OID 0)
-- Dependencies: 225
-- Name: user_customuser_id_seq; Type: SEQUENCE SET; Schema: public; Owner: postgres
--

SELECT pg_catalog.setval('public.user_customuser_id_seq', 18, true);


--
-- TOC entry 3492 (class 0 OID 0)
-- Dependencies: 229
-- Name: user_customuser_user_permissions_id_seq; Type: SEQUENCE SET; Schema: public; Owner: postgres
--

SELECT pg_catalog.setval('public.user_customuser_user_permissions_id_seq', 1, false);


--
-- TOC entry 3252 (class 2606 OID 25246)
-- Name: auth_group auth_group_name_key; Type: CONSTRAINT; Schema: public; Owner: postgres
--

ALTER TABLE ONLY public.auth_group
    ADD CONSTRAINT auth_group_name_key UNIQUE (name);


--
-- TOC entry 3257 (class 2606 OID 25232)
-- Name: auth_group_permissions auth_group_permissions_group_id_permission_id_0cd325b0_uniq; Type: CONSTRAINT; Schema: public; Owner: postgres
--

ALTER TABLE ONLY public.auth_group_permissions
    ADD CONSTRAINT auth_group_permissions_group_id_permission_id_0cd325b0_uniq UNIQUE (group_id, permission_id);


--
-- TOC entry 3260 (class 2606 OID 25221)
-- Name: auth_group_permissions auth_group_permissions_pkey; Type: CONSTRAINT; Schema: public; Owner: postgres
--

ALTER TABLE ONLY public.auth_group_permissions
    ADD CONSTRAINT auth_group_permissions_pkey PRIMARY KEY (id);


--
-- TOC entry 3254 (class 2606 OID 25213)
-- Name: auth_group auth_group_pkey; Type: CONSTRAINT; Schema: public; Owner: postgres
--

ALTER TABLE ONLY public.auth_group
    ADD CONSTRAINT auth_group_pkey PRIMARY KEY (id);


--
-- TOC entry 3247 (class 2606 OID 25223)
-- Name: auth_permission auth_permission_content_type_id_codename_01ab375a_uniq; Type: CONSTRAINT; Schema: public; Owner: postgres
--

ALTER TABLE ONLY public.auth_permission
    ADD CONSTRAINT auth_permission_content_type_id_codename_01ab375a_uniq UNIQUE (content_type_id, codename);


--
-- TOC entry 3249 (class 2606 OID 25207)
-- Name: auth_permission auth_permission_pkey; Type: CONSTRAINT; Schema: public; Owner: postgres
--

ALTER TABLE ONLY public.auth_permission
    ADD CONSTRAINT auth_permission_pkey PRIMARY KEY (id);


--
-- TOC entry 3284 (class 2606 OID 25307)
-- Name: django_admin_log django_admin_log_pkey; Type: CONSTRAINT; Schema: public; Owner: postgres
--

ALTER TABLE ONLY public.django_admin_log
    ADD CONSTRAINT django_admin_log_pkey PRIMARY KEY (id);


--
-- TOC entry 3242 (class 2606 OID 25201)
-- Name: django_content_type django_content_type_app_label_model_76bd3d3b_uniq; Type: CONSTRAINT; Schema: public; Owner: postgres
--

ALTER TABLE ONLY public.django_content_type
    ADD CONSTRAINT django_content_type_app_label_model_76bd3d3b_uniq UNIQUE (app_label, model);


--
-- TOC entry 3244 (class 2606 OID 25199)
-- Name: django_content_type django_content_type_pkey; Type: CONSTRAINT; Schema: public; Owner: postgres
--

ALTER TABLE ONLY public.django_content_type
    ADD CONSTRAINT django_content_type_pkey PRIMARY KEY (id);


--
-- TOC entry 3240 (class 2606 OID 25193)
-- Name: django_migrations django_migrations_pkey; Type: CONSTRAINT; Schema: public; Owner: postgres
--

ALTER TABLE ONLY public.django_migrations
    ADD CONSTRAINT django_migrations_pkey PRIMARY KEY (id);


--
-- TOC entry 3297 (class 2606 OID 25356)
-- Name: django_session django_session_pkey; Type: CONSTRAINT; Schema: public; Owner: postgres
--

ALTER TABLE ONLY public.django_session
    ADD CONSTRAINT django_session_pkey PRIMARY KEY (session_key);


--
-- TOC entry 3294 (class 2606 OID 25337)
-- Name: invite invite_invite_pkey; Type: CONSTRAINT; Schema: public; Owner: postgres
--

ALTER TABLE ONLY public.invite
    ADD CONSTRAINT invite_invite_pkey PRIMARY KEY (id);


--
-- TOC entry 3287 (class 2606 OID 49764)
-- Name: party party_id_unique; Type: CONSTRAINT; Schema: public; Owner: postgres
--

ALTER TABLE ONLY public.party
    ADD CONSTRAINT party_id_unique UNIQUE (id);


--
-- TOC entry 3290 (class 2606 OID 25325)
-- Name: party party_party_pkey; Type: CONSTRAINT; Schema: public; Owner: postgres
--

ALTER TABLE ONLY public.party
    ADD CONSTRAINT party_party_pkey PRIMARY KEY (id);


--
-- TOC entry 3262 (class 2606 OID 41570)
-- Name: user unqiue_email; Type: CONSTRAINT; Schema: public; Owner: postgres
--

ALTER TABLE ONLY public."user"
    ADD CONSTRAINT unqiue_email UNIQUE (email);


--
-- TOC entry 3264 (class 2606 OID 49762)
-- Name: user unqiue_id; Type: CONSTRAINT; Schema: public; Owner: postgres
--

ALTER TABLE ONLY public."user"
    ADD CONSTRAINT unqiue_id UNIQUE (id);


--
-- TOC entry 3267 (class 2606 OID 33378)
-- Name: user user_customuser_email_2292cf6d_uniq; Type: CONSTRAINT; Schema: public; Owner: postgres
--

ALTER TABLE ONLY public."user"
    ADD CONSTRAINT user_customuser_email_2292cf6d_uniq UNIQUE (email);


--
-- TOC entry 3272 (class 2606 OID 25272)
-- Name: user_groups user_customuser_groups_customuser_id_group_id_e0a2f621_uniq; Type: CONSTRAINT; Schema: public; Owner: postgres
--

ALTER TABLE ONLY public.user_groups
    ADD CONSTRAINT user_customuser_groups_customuser_id_group_id_e0a2f621_uniq UNIQUE (customuser_id, group_id);


--
-- TOC entry 3275 (class 2606 OID 25263)
-- Name: user_groups user_customuser_groups_pkey; Type: CONSTRAINT; Schema: public; Owner: postgres
--

ALTER TABLE ONLY public.user_groups
    ADD CONSTRAINT user_customuser_groups_pkey PRIMARY KEY (id);


--
-- TOC entry 3269 (class 2606 OID 25255)
-- Name: user user_customuser_pkey; Type: CONSTRAINT; Schema: public; Owner: postgres
--

ALTER TABLE ONLY public."user"
    ADD CONSTRAINT user_customuser_pkey PRIMARY KEY (id);


--
-- TOC entry 3277 (class 2606 OID 25286)
-- Name: user_user_permissions user_customuser_user_per_customuser_id_permission_a5da865d_uniq; Type: CONSTRAINT; Schema: public; Owner: postgres
--

ALTER TABLE ONLY public.user_user_permissions
    ADD CONSTRAINT user_customuser_user_per_customuser_id_permission_a5da865d_uniq UNIQUE (customuser_id, permission_id);


--
-- TOC entry 3281 (class 2606 OID 25269)
-- Name: user_user_permissions user_customuser_user_permissions_pkey; Type: CONSTRAINT; Schema: public; Owner: postgres
--

ALTER TABLE ONLY public.user_user_permissions
    ADD CONSTRAINT user_customuser_user_permissions_pkey PRIMARY KEY (id);


--
-- TOC entry 3250 (class 1259 OID 25247)
-- Name: auth_group_name_a6ea08ec_like; Type: INDEX; Schema: public; Owner: postgres
--

CREATE INDEX auth_group_name_a6ea08ec_like ON public.auth_group USING btree (name varchar_pattern_ops);


--
-- TOC entry 3255 (class 1259 OID 25243)
-- Name: auth_group_permissions_group_id_b120cbf9; Type: INDEX; Schema: public; Owner: postgres
--

CREATE INDEX auth_group_permissions_group_id_b120cbf9 ON public.auth_group_permissions USING btree (group_id);


--
-- TOC entry 3258 (class 1259 OID 25244)
-- Name: auth_group_permissions_permission_id_84c5c92e; Type: INDEX; Schema: public; Owner: postgres
--

CREATE INDEX auth_group_permissions_permission_id_84c5c92e ON public.auth_group_permissions USING btree (permission_id);


--
-- TOC entry 3245 (class 1259 OID 25229)
-- Name: auth_permission_content_type_id_2f476e4b; Type: INDEX; Schema: public; Owner: postgres
--

CREATE INDEX auth_permission_content_type_id_2f476e4b ON public.auth_permission USING btree (content_type_id);


--
-- TOC entry 3282 (class 1259 OID 25318)
-- Name: django_admin_log_content_type_id_c4bce8eb; Type: INDEX; Schema: public; Owner: postgres
--

CREATE INDEX django_admin_log_content_type_id_c4bce8eb ON public.django_admin_log USING btree (content_type_id);


--
-- TOC entry 3285 (class 1259 OID 25319)
-- Name: django_admin_log_user_id_c564eba6; Type: INDEX; Schema: public; Owner: postgres
--

CREATE INDEX django_admin_log_user_id_c564eba6 ON public.django_admin_log USING btree (user_id);


--
-- TOC entry 3295 (class 1259 OID 25358)
-- Name: django_session_expire_date_a5c62663; Type: INDEX; Schema: public; Owner: postgres
--

CREATE INDEX django_session_expire_date_a5c62663 ON public.django_session USING btree (expire_date);


--
-- TOC entry 3298 (class 1259 OID 25357)
-- Name: django_session_session_key_c0390e0f_like; Type: INDEX; Schema: public; Owner: postgres
--

CREATE INDEX django_session_session_key_c0390e0f_like ON public.django_session USING btree (session_key varchar_pattern_ops);


--
-- TOC entry 3291 (class 1259 OID 25348)
-- Name: invite_invite_guest_id_id_6d7eaf6a; Type: INDEX; Schema: public; Owner: postgres
--

CREATE INDEX invite_invite_guest_id_id_6d7eaf6a ON public.invite USING btree (guest_id_id);


--
-- TOC entry 3292 (class 1259 OID 25349)
-- Name: invite_invite_party_id_id_07e83921; Type: INDEX; Schema: public; Owner: postgres
--

CREATE INDEX invite_invite_party_id_id_07e83921 ON public.invite USING btree (party_id_id);


--
-- TOC entry 3288 (class 1259 OID 25331)
-- Name: party_party_host_id_8392d828; Type: INDEX; Schema: public; Owner: postgres
--

CREATE INDEX party_party_host_id_8392d828 ON public.party USING btree (host_id);


--
-- TOC entry 3265 (class 1259 OID 33379)
-- Name: user_customuser_email_2292cf6d_like; Type: INDEX; Schema: public; Owner: postgres
--

CREATE INDEX user_customuser_email_2292cf6d_like ON public."user" USING btree (email varchar_pattern_ops);


--
-- TOC entry 3270 (class 1259 OID 25283)
-- Name: user_customuser_groups_customuser_id_192632a7; Type: INDEX; Schema: public; Owner: postgres
--

CREATE INDEX user_customuser_groups_customuser_id_192632a7 ON public.user_groups USING btree (customuser_id);


--
-- TOC entry 3273 (class 1259 OID 25284)
-- Name: user_customuser_groups_group_id_bcbc9e48; Type: INDEX; Schema: public; Owner: postgres
--

CREATE INDEX user_customuser_groups_group_id_bcbc9e48 ON public.user_groups USING btree (group_id);


--
-- TOC entry 3278 (class 1259 OID 25297)
-- Name: user_customuser_user_permissions_customuser_id_4552d9cc; Type: INDEX; Schema: public; Owner: postgres
--

CREATE INDEX user_customuser_user_permissions_customuser_id_4552d9cc ON public.user_user_permissions USING btree (customuser_id);


--
-- TOC entry 3279 (class 1259 OID 25298)
-- Name: user_customuser_user_permissions_permission_id_e57e8b9a; Type: INDEX; Schema: public; Owner: postgres
--

CREATE INDEX user_customuser_user_permissions_permission_id_e57e8b9a ON public.user_user_permissions USING btree (permission_id);


--
-- TOC entry 3300 (class 2606 OID 25238)
-- Name: auth_group_permissions auth_group_permissio_permission_id_84c5c92e_fk_auth_perm; Type: FK CONSTRAINT; Schema: public; Owner: postgres
--

ALTER TABLE ONLY public.auth_group_permissions
    ADD CONSTRAINT auth_group_permissio_permission_id_84c5c92e_fk_auth_perm FOREIGN KEY (permission_id) REFERENCES public.auth_permission(id) DEFERRABLE INITIALLY DEFERRED;


--
-- TOC entry 3301 (class 2606 OID 25233)
-- Name: auth_group_permissions auth_group_permissions_group_id_b120cbf9_fk_auth_group_id; Type: FK CONSTRAINT; Schema: public; Owner: postgres
--

ALTER TABLE ONLY public.auth_group_permissions
    ADD CONSTRAINT auth_group_permissions_group_id_b120cbf9_fk_auth_group_id FOREIGN KEY (group_id) REFERENCES public.auth_group(id) DEFERRABLE INITIALLY DEFERRED;


--
-- TOC entry 3299 (class 2606 OID 25224)
-- Name: auth_permission auth_permission_content_type_id_2f476e4b_fk_django_co; Type: FK CONSTRAINT; Schema: public; Owner: postgres
--

ALTER TABLE ONLY public.auth_permission
    ADD CONSTRAINT auth_permission_content_type_id_2f476e4b_fk_django_co FOREIGN KEY (content_type_id) REFERENCES public.django_content_type(id) DEFERRABLE INITIALLY DEFERRED;


--
-- TOC entry 3306 (class 2606 OID 25308)
-- Name: django_admin_log django_admin_log_content_type_id_c4bce8eb_fk_django_co; Type: FK CONSTRAINT; Schema: public; Owner: postgres
--

ALTER TABLE ONLY public.django_admin_log
    ADD CONSTRAINT django_admin_log_content_type_id_c4bce8eb_fk_django_co FOREIGN KEY (content_type_id) REFERENCES public.django_content_type(id) DEFERRABLE INITIALLY DEFERRED;


--
-- TOC entry 3307 (class 2606 OID 25313)
-- Name: django_admin_log django_admin_log_user_id_c564eba6_fk_user_customuser_id; Type: FK CONSTRAINT; Schema: public; Owner: postgres
--

ALTER TABLE ONLY public.django_admin_log
    ADD CONSTRAINT django_admin_log_user_id_c564eba6_fk_user_customuser_id FOREIGN KEY (user_id) REFERENCES public."user"(id) DEFERRABLE INITIALLY DEFERRED;


--
-- TOC entry 3309 (class 2606 OID 25338)
-- Name: invite invite_invite_guest_id_id_6d7eaf6a_fk_user_customuser_id; Type: FK CONSTRAINT; Schema: public; Owner: postgres
--

ALTER TABLE ONLY public.invite
    ADD CONSTRAINT invite_invite_guest_id_id_6d7eaf6a_fk_user_customuser_id FOREIGN KEY (guest_id_id) REFERENCES public."user"(id) DEFERRABLE INITIALLY DEFERRED;


--
-- TOC entry 3310 (class 2606 OID 25343)
-- Name: invite invite_invite_party_id_id_07e83921_fk_party_party_id; Type: FK CONSTRAINT; Schema: public; Owner: postgres
--

ALTER TABLE ONLY public.invite
    ADD CONSTRAINT invite_invite_party_id_id_07e83921_fk_party_party_id FOREIGN KEY (party_id_id) REFERENCES public.party(id) DEFERRABLE INITIALLY DEFERRED;


--
-- TOC entry 3308 (class 2606 OID 25326)
-- Name: party party_party_host_id_8392d828_fk_user_customuser_id; Type: FK CONSTRAINT; Schema: public; Owner: postgres
--

ALTER TABLE ONLY public.party
    ADD CONSTRAINT party_party_host_id_8392d828_fk_user_customuser_id FOREIGN KEY (host_id) REFERENCES public."user"(id) DEFERRABLE INITIALLY DEFERRED;


--
-- TOC entry 3302 (class 2606 OID 25273)
-- Name: user_groups user_customuser_grou_customuser_id_192632a7_fk_user_cust; Type: FK CONSTRAINT; Schema: public; Owner: postgres
--

ALTER TABLE ONLY public.user_groups
    ADD CONSTRAINT user_customuser_grou_customuser_id_192632a7_fk_user_cust FOREIGN KEY (customuser_id) REFERENCES public."user"(id) DEFERRABLE INITIALLY DEFERRED;


--
-- TOC entry 3303 (class 2606 OID 25278)
-- Name: user_groups user_customuser_groups_group_id_bcbc9e48_fk_auth_group_id; Type: FK CONSTRAINT; Schema: public; Owner: postgres
--

ALTER TABLE ONLY public.user_groups
    ADD CONSTRAINT user_customuser_groups_group_id_bcbc9e48_fk_auth_group_id FOREIGN KEY (group_id) REFERENCES public.auth_group(id) DEFERRABLE INITIALLY DEFERRED;


--
-- TOC entry 3304 (class 2606 OID 25287)
-- Name: user_user_permissions user_customuser_user_customuser_id_4552d9cc_fk_user_cust; Type: FK CONSTRAINT; Schema: public; Owner: postgres
--

ALTER TABLE ONLY public.user_user_permissions
    ADD CONSTRAINT user_customuser_user_customuser_id_4552d9cc_fk_user_cust FOREIGN KEY (customuser_id) REFERENCES public."user"(id) DEFERRABLE INITIALLY DEFERRED;


--
-- TOC entry 3305 (class 2606 OID 25292)
-- Name: user_user_permissions user_customuser_user_permission_id_e57e8b9a_fk_auth_perm; Type: FK CONSTRAINT; Schema: public; Owner: postgres
--

ALTER TABLE ONLY public.user_user_permissions
    ADD CONSTRAINT user_customuser_user_permission_id_e57e8b9a_fk_auth_perm FOREIGN KEY (permission_id) REFERENCES public.auth_permission(id) DEFERRABLE INITIALLY DEFERRED;


-- Completed on 2022-12-27 15:31:03

--
-- PostgreSQL database dump complete
--

